ventas_total,margen,ticket_promedio,cantidad_total
322966.749,0.047619047619047616,322.966749,5510
